order_id,total,amount,tipAmount,taxAmount,cashbackAmount,createdTime,product,product_price,order_total
TXHGE1PP96844,28.0,28,0.0,3,0,1784876618000,,,
HQVZY8AYNR2EW,500.0,500,0.0,0,0,1784874700000,,,
R4B0HCBHN6XM2,98.0,98,0.0,9,0,1784874550000,,,
ZTYV39NKQQ9XT,1484.0,1484,0.0,138,0,1784873371000,,,
M9EQ6AF52QMXA,881.0,881,0.0,82,0,1784873325000,,,
8PB5AZXHATSWA,219.0,219,0.0,20,0,1784873198000,,,
7SXFGMQJG1Y04,1865.0,1865,254.0,173,0,1784873227000,,,
PZJ51DVBQDTWJ,1322.0,1322,0.0,123,0,1784872993000,,,
M0SVSCRVN1BFM,1936.0,1936,0.0,180,0,1784872886000,,,
RD37Y237WXJAR,2863.0,2863,,266,0,1784872452000,,,
5BJ613C28025A,1529.0,1529,69.0,142,0,1784872260000,,,
5349G29G3ZQ1E,1154.0,1154,0.0,107,0,1784872053000,,,
CCWN62C2AV7QP,1653.0,1653,0.0,154,0,1784872020000,,,
72XQ32EMTMWZ8,2644.0,2644,0.0,246,0,1784872017000,,,
SPR5XF43CXY94,2542.0,2542,0.0,225,0,1784871814000,,,
QP86A4VH45BM8,1212.0,1212,0.0,113,0,1784871717000,,,
4EFS141B2X8MA,98.0,98,0.0,9,0,1784871694000,,,
MKNFS695CWKNJ,1055.0,1055,0.0,98,0,1784871652000,,,
XHST274ZF1W4A,3525.0,3525,480.0,328,0,1784871508000,,,
1QRGG1JW79BXP,196.0,196,0.0,18,0,1784871276000,,,
MBQRGD7XPN3R2,2202.0,2202,0.0,205,0,1784871226000,,,
0F6GP7HH9M3RP,881.0,881,,82,0,1784871074000,,,
9SXDWXMBZBK7Y,1211.0,1211,0.0,113,0,1784870899000,,,
5FRXH04WGF7FG,98.0,98,0.0,9,0,1784870869000,,,
NS4JWRSNTGBH2,2697.0,2697,,251,0,1784870783000,,,
T29HQVDT3MA5M,881.0,881,0.0,82,0,1784870580000,,,
MF60WZBETDVJP,275.0,275,0.0,26,0,1784870420000,,,
PMW30Y4XCZB2R,881.0,881,0.0,82,0,1784870357000,,,
F92M2BWC527A2,1101.0,1101,0.0,102,0,1784870307000,,,
C04FKZEYH749E,98.0,98,0.0,9,0,1784870239000,,,
36BVBB1GP8KR0,219.0,219,10.0,20,0,1784870217000,,,
V5JBTQ4WVX7ET,1211.0,1211,55.0,113,0,1784870177000,,,
SF6QF9DDW70YR,881.0,881,0.0,82,0,1784870041000,,,
QGQ4BE988WVWG,99.0,99,0.0,0,0,1784870023000,,,
V1Z19HWC18VJP,881.0,881,0.0,82,0,1784869923000,,,
PM6JPZRK9M4MP,881.0,881,0.0,82,0,1784869770000,,,
3238QW3AHWXNR,1101.0,1101,0.0,102,0,1784869663000,,,
5B4RBG5DPMR9J,99.0,99,0.0,0,0,1784869621000,,,
H3531EGRDPM1M,98.0,98,0.0,9,0,1784869526000,,,
1S7RZ2B0G4YSE,196.0,196,0.0,18,0,1784869504000,,,
CGXMVFNFJ6J1P,2499.0,2499,0.0,232,0,1784869085000,,,
YM4BD7CCVGSXC,164.0,164,0.0,15,0,1784868995000,,,
PQDJ8CD0AE8HM,1155.0,1155,0.0,107,0,1784868483000,,,
53K3X7EP1FJPG,98.0,98,0.0,9,0,1784868450000,,,
FAE362H6EA8AT,275.0,275,0.0,26,0,1784868079000,,,
JSR7VP97QMKTY,330.0,330,0.0,31,0,1784868010000,,,
0DZ3ZQSFHCYJ4,881.0,881,0.0,82,0,1784867921000,,,
X2F51MS5NCSHW,329.0,329,0.0,31,0,1784867771000,,,
CHQ1TP3GXNWC8,1212.0,1212,0.0,113,0,1784867690000,,,
R9JXVDG7VXZ00,1322.0,1322,,123,0,1784867640000,,,
E4RNZ8FBQ0AV6,881.0,881,0.0,82,0,1784867493000,,,
XR3XP0H0GRNY2,1212.0,1212,0.0,113,0,1784867356000,,,
90Z6YCBY53VXR,330.0,330,0.0,31,0,1784867322000,,,
5SRC2ZBYNERDT,330.0,330,0.0,31,0,1784867276000,,,
CXYX2EHJB5G5C,2257.0,2257,0.0,210,0,1784867140000,,,
VGG4D3ZAXP8A6,275.0,275,12.0,26,0,1784867039000,,,
VSC9XVZK6EQ1R,605.0,605,0.0,56,0,1784866957000,,,
JBSMSGP0EGY98,98.0,98,,9,0,1784866925000,,,
72R3Z3N52DNBE,881.0,881,0.0,82,0,1784866894000,,,
69W730R9Y77ET,2344.0,2344,213.0,218,0,1784866805000,,,
PZFARGS1HGPGA,2313.0,2313,0.0,215,0,1784866738000,,,
D3H7DCXDVQC5A,3304.0,3304,0.0,307,0,1784866690000,,,
4D81G3F3EYFYR,262.0,262,0.0,24,0,1784866616000,,,
BSC0X1SY6KSRR,991.0,991,,92,0,1784866580000,,,
7WHMHETE5G7R4,991.0,991,0.0,92,0,1784866545000,,,
2HXW06WV8767C,1762.0,1762,0.0,164,0,1784866509000,,,
7K1J97PGRC8FM,275.0,275,0.0,26,0,1784866425000,,,
29DNWQ2QJ4F0T,1870.0,1870,0.0,174,0,1784866355000,,,
T2G9E3S4Z861Y,1212.0,1212,0.0,113,0,1784866217000,,,
JZGVFS2P208DC,98.0,98,,9,0,1784866131000,,,
9VY1FV21M5C9A,657.0,657,,61,0,1784866108000,,,
5PBY5ZANF6AJ4,1101.0,1101,0.0,102,0,1784866043000,,,
33WZF3CFGGTSR,1643.0,1643,0.0,153,0,1784865939000,,,
F0K2YDAZN62GG,986.0,986,0.0,92,0,1784865811000,,,
AA9SNGA6F305M,1322.0,1322,0.0,123,0,1784865682000,,,
53SYV9G120TWP,2419.0,2419,0.0,225,0,1784865501000,,,
24QF37AVEAQEM,2419.0,2419,0.0,225,0,1784865326000,,,
XYC2TFQN538G8,3690.0,3690,0.0,343,0,1784865387000,,,
515YJAA8TVTBM,2203.0,2203,0.0,205,0,1784865095000,,,
2SRZZH7TW5C08,1209.0,1209,0.0,112,0,1784864927000,,,
76JQV4GZ4WM02,294.0,294,0.0,27,0,1784864314000,,,
HFSMWQ2APDHXC,1209.0,1209,0.0,112,0,1784864683000,,,
B8PMGS4NC34F4,824.0,824,0.0,77,0,1784864275000,,,
PPZ9YHT6E0F2E,2420.0,2420,0.0,225,0,1784864246000,,,
DDRJWVA80ZVX0,2090.0,2090,0.0,194,0,1784864178000,,,
4R01MG0CZYZ78,196.0,196,0.0,18,0,1784864097000,,,
6WHX5RZRERWA8,164.0,164,0.0,15,0,1784864073000,,,
28QM2TNDKQNQA,991.0,991,0.0,92,0,1784864045000,,,
QQ6XE22Y8HEQ0,991.0,991,0.0,92,0,1784864017000,,,
K6Y7ERBY5QEPT,1420.0,1420,0.0,132,0,1784863976000,,,
3YD8F4900AGJT,2695.0,2695,0.0,251,0,1784863947000,,,
8QJBZHZK635M4,1283.0,1283,0.0,119,0,1784863894000,,,
D0Q2AR9RPP4AA,196.0,196,,18,0,1784863785000,,,
Y9X71CKMC5Z5A,2255.0,2255,0.0,210,0,1784863737000,,,
NW8F91T9XPJ1T,1322.0,1322,,123,0,1784863707000,,,
VZ5G7TBNSWHCR,881.0,881,0.0,82,0,1784863560000,,,
HDJPR30J9VZ44,881.0,881,0.0,82,0,1784863528000,,,
ERJDD7QJ3WWP2,2203.0,2203,0.0,205,0,1784863525000,,,
19S6VSYC8AKBC,4185.0,4185,0.0,389,0,1784863283000,,,
CY5T8JH9Q33CE,3853.0,3853,0.0,358,0,1784863132000,,,
TXHGE1PP96844,,28,0.0,3,0,2026-07-24 10:03:38,Extra Sauce 2 Oz,25.0,28.0
HQVZY8AYNR2EW,,500,0.0,0,0,2026-07-24 09:31:40,Kitchen Employee Thali,500.0,500.0
R4B0HCBHN6XM2,,98,0.0,9,0,2026-07-24 09:29:10,Tea,89.0,98.0
ZTYV39NKQQ9XT,,1484,0.0,138,0,2026-07-24 09:09:31,Dhokla,0.0,1484.0
ZTYV39NKQQ9XT,,1484,0.0,138,0,2026-07-24 09:09:31,Puff Patties,0.0,1484.0
M9EQ6AF52QMXA,,881,0.0,82,0,2026-07-24 09:08:45,2 Veggie Combo,799.0,881.0
8PB5AZXHATSWA,,219,0.0,20,0,2026-07-24 09:06:38,Can Soda,199.0,219.0
7SXFGMQJG1Y04,,1865,254.0,173,0,2026-07-24 09:07:07,Samosa,149.0,1865.0
7SXFGMQJG1Y04,,1865,254.0,173,0,2026-07-24 09:07:07,Can Soda,199.0,1865.0
7SXFGMQJG1Y04,,1865,254.0,173,0,2026-07-24 09:07:07,Puff Patties,0.0,1865.0
PZJ51DVBQDTWJ,,1322,0.0,123,0,2026-07-24 09:03:13,Chinese Combo Plate,1199.0,1322.0
M0SVSCRVN1BFM,,1936,0.0,180,0,2026-07-24 09:01:26,Roti 1 Piece,79.0,1936.0
M0SVSCRVN1BFM,,1936,0.0,180,0,2026-07-24 09:01:26,2 Veggie Combo,799.0,1936.0
RD37Y237WXJAR,,2863,,266,0,2026-07-24 08:54:12,Roti (10 Pack),549.0,2863.0
RD37Y237WXJAR,,2863,,266,0,2026-07-24 08:54:12,1 Dal/Sabzi Large,0.0,2863.0
5BJ613C28025A,,1529,69.0,142,0,2026-07-24 08:51:00,Tea,89.0,1529.0
5BJ613C28025A,,1529,69.0,142,0,2026-07-24 08:51:00,Roti (5 Pack),299.0,1529.0
5BJ613C28025A,,1529,69.0,142,0,2026-07-24 08:51:00,3 Veggie Combo Premium,999.0,1529.0
5349G29G3ZQ1E,,1154,0.0,107,0,2026-07-24 08:47:33,Roti (10 Pack),549.0,1154.0
5349G29G3ZQ1E,,1154,0.0,107,0,2026-07-24 08:47:33,Puff Patties,0.0,1154.0
CCWN62C2AV7QP,,1653,0.0,154,0,2026-07-24 08:47:00,1 Dal/Sabzi Large,0.0,1653.0
72XQ32EMTMWZ8,,2644,0.0,246,0,2026-07-24 08:46:57,Chinese Combo Plate,1199.0,2644.0
SPR5XF43CXY94,,2542,0.0,225,0,2026-07-24 08:43:34,Onion,60.0,2542.0
SPR5XF43CXY94,,2542,0.0,225,0,2026-07-24 08:43:34,1 Dal/Sabzi Small,0.0,2542.0
SPR5XF43CXY94,,2542,0.0,225,0,2026-07-24 08:43:34,Veg Fried Rice,0.0,2542.0
QP86A4VH45BM8,,1212,0.0,113,0,2026-07-24 08:41:57,Hakka Noodles,0.0,1212.0
4EFS141B2X8MA,,98,0.0,9,0,2026-07-24 08:41:34,Tea,89.0,98.0
MKNFS695CWKNJ,,1055,0.0,98,0,2026-07-24 08:40:52,Roti 1 Piece,79.0,1055.0
MKNFS695CWKNJ,,1055,0.0,98,0,2026-07-24 08:40:52,2 Veggie Combo,799.0,1055.0
XHST274ZF1W4A,,3525,480.0,328,0,2026-07-24 08:38:28,Gobi Manchurian,0.0,3525.0
XHST274ZF1W4A,,3525,480.0,328,0,2026-07-24 08:38:28,Kadhi Chawal,799.0,3525.0
1QRGG1JW79BXP,,196,0.0,18,0,2026-07-24 08:34:36,Tea,89.0,196.0
MBQRGD7XPN3R2,,2202,0.0,205,0,2026-07-24 08:33:46,Roti (5 Pack),299.0,2202.0
MBQRGD7XPN3R2,,2202,0.0,205,0,2026-07-24 08:33:46,1 Dal/Sabzi Medium,0.0,2202.0
0F6GP7HH9M3RP,,881,,82,0,2026-07-24 08:31:14,Kadhi Chawal,799.0,881.0
9SXDWXMBZBK7Y,,1211,0.0,113,0,2026-07-24 08:28:19,Roti (10 Pack),549.0,1211.0
5FRXH04WGF7FG,,98,0.0,9,0,2026-07-24 08:27:49,Tea,89.0,98.0
NS4JWRSNTGBH2,,2697,,251,0,2026-07-24 08:26:23,Roti (5 Pack),299.0,2697.0
NS4JWRSNTGBH2,,2697,,251,0,2026-07-24 08:26:23,Roti (10 Pack),549.0,2697.0
NS4JWRSNTGBH2,,2697,,251,0,2026-07-24 08:26:23,1 Dal/Sabzi Medium,0.0,2697.0
T29HQVDT3MA5M,,881,0.0,82,0,2026-07-24 08:23:00,2 Veggie Combo,799.0,881.0
MF60WZBETDVJP,,275,0.0,26,0,2026-07-24 08:20:20,Puff Patties,0.0,275.0
PMW30Y4XCZB2R,,881,0.0,82,0,2026-07-24 08:19:17,2 Veggie Combo,799.0,881.0
F92M2BWC527A2,,1101,0.0,102,0,2026-07-24 08:18:27,3 Veggie Combo Premium,999.0,1101.0
C04FKZEYH749E,,98,0.0,9,0,2026-07-24 08:17:19,Tea,89.0,98.0
36BVBB1GP8KR0,,219,10.0,20,0,2026-07-24 08:16:57,Can Soda,199.0,219.0
V5JBTQ4WVX7ET,,1211,55.0,113,0,2026-07-24 08:16:17,Roti (5 Pack),299.0,1211.0
V5JBTQ4WVX7ET,,1211,55.0,113,0,2026-07-24 08:16:17,2 Veggie Combo,799.0,1211.0
SF6QF9DDW70YR,,881,0.0,82,0,2026-07-24 08:14:01,2 Veggie Combo,799.0,881.0
QGQ4BE988WVWG,,99,0.0,0,0,2026-07-24 08:13:43,Water Bottle,99.0,99.0
V1Z19HWC18VJP,,881,0.0,82,0,2026-07-24 08:12:03,2 Veggie Combo,799.0,881.0
PM6JPZRK9M4MP,,881,0.0,82,0,2026-07-24 08:09:30,2 Veggie Combo,799.0,881.0
3238QW3AHWXNR,,1101,0.0,102,0,2026-07-24 08:07:43,3 Veggie Combo Premium,999.0,1101.0
5B4RBG5DPMR9J,,99,0.0,0,0,2026-07-24 08:07:01,Water Bottle,99.0,99.0
H3531EGRDPM1M,,98,0.0,9,0,2026-07-24 08:05:26,Tea,89.0,98.0
1S7RZ2B0G4YSE,,196,0.0,18,0,2026-07-24 08:05:04,Tea,89.0,196.0
CGXMVFNFJ6J1P,,2499,0.0,232,0,2026-07-24 07:58:05,Roti (10 Pack),549.0,2499.0
CGXMVFNFJ6J1P,,2499,0.0,232,0,2026-07-24 07:58:05,Samosa Chaat,859.0,2499.0
YM4BD7CCVGSXC,,164,0.0,15,0,2026-07-24 07:56:35,Samosa,149.0,164.0
PQDJ8CD0AE8HM,,1155,0.0,107,0,2026-07-24 07:48:03,Samosa Small 5pc,399.0,1155.0
PQDJ8CD0AE8HM,,1155,0.0,107,0,2026-07-24 07:48:03,Dahi Bhalla Chaat,649.0,1155.0
53K3X7EP1FJPG,,98,0.0,9,0,2026-07-24 07:47:30,Tea,89.0,98.0
FAE362H6EA8AT,,275,0.0,26,0,2026-07-24 07:41:19,Puff Patties,0.0,275.0
JSR7VP97QMKTY,,330,0.0,31,0,2026-07-24 07:40:10,Hot Gulab Jamun,299.0,330.0
0DZ3ZQSFHCYJ4,,881,0.0,82,0,2026-07-24 07:38:41,2 Veggie Combo,799.0,881.0
X2F51MS5NCSHW,,329,0.0,31,0,2026-07-24 07:36:11,Samosa,149.0,329.0
CHQ1TP3GXNWC8,,1212,0.0,113,0,2026-07-24 07:34:50,Schezwan Fried Rice,0.0,1212.0
R9JXVDG7VXZ00,,1322,,123,0,2026-07-24 07:34:00,Chinese Combo Plate,1199.0,1322.0
E4RNZ8FBQ0AV6,,881,0.0,82,0,2026-07-24 07:31:33,2 Veggie Combo,799.0,881.0
XR3XP0H0GRNY2,,1212,0.0,113,0,2026-07-24 07:29:16,Hakka Noodles,0.0,1212.0
90Z6YCBY53VXR,,330,0.0,31,0,2026-07-24 07:28:42,Roti (5 Pack),299.0,330.0
5SRC2ZBYNERDT,,330,0.0,31,0,2026-07-24 07:27:56,Bottle Soda,299.0,330.0
CXYX2EHJB5G5C,,2257,0.0,210,0,2026-07-24 07:25:40,Dhokla,0.0,2257.0
CXYX2EHJB5G5C,,2257,0.0,210,0,2026-07-24 07:25:40,Roti (10 Pack),549.0,2257.0
CXYX2EHJB5G5C,,2257,0.0,210,0,2026-07-24 07:25:40,1 Dal/Sabzi Medium,0.0,2257.0
VGG4D3ZAXP8A6,,275,12.0,26,0,2026-07-24 07:23:59,Puff Patties,0.0,275.0
VSC9XVZK6EQ1R,,605,0.0,56,0,2026-07-24 07:22:37,Roti (10 Pack),549.0,605.0
JBSMSGP0EGY98,,98,,9,0,2026-07-24 07:22:05,Tea,89.0,98.0
72R3Z3N52DNBE,,881,0.0,82,0,2026-07-24 07:21:34,2 Veggie Combo,799.0,881.0
69W730R9Y77ET,,2344,213.0,218,0,2026-07-24 07:20:05,Veg Fried Rice,0.0,2344.0
69W730R9Y77ET,,2344,213.0,218,0,2026-07-24 07:20:05,Tea,89.0,2344.0
69W730R9Y77ET,,2344,213.0,218,0,2026-07-24 07:20:05,Roti (10 Pack),549.0,2344.0
PZFARGS1HGPGA,,2313,0.0,215,0,2026-07-24 07:18:58,Chinese Combo Plate,1199.0,2313.0
PZFARGS1HGPGA,,2313,0.0,215,0,2026-07-24 07:18:58,1 Dal/Sabzi Medium,0.0,2313.0
D3H7DCXDVQC5A,,3304,0.0,307,0,2026-07-24 07:18:10,Samosa Small 5pc,399.0,3304.0
D3H7DCXDVQC5A,,3304,0.0,307,0,2026-07-24 07:18:10,Schezwan Fried Rice,0.0,3304.0
4D81G3F3EYFYR,,262,0.0,24,0,2026-07-24 07:16:56,Tea,89.0,262.0
4D81G3F3EYFYR,,262,0.0,24,0,2026-07-24 07:16:56,Samosa,149.0,262.0
BSC0X1SY6KSRR,,991,,92,0,2026-07-24 07:16:20,1 Dal/Sabzi Medium,0.0,991.0
7WHMHETE5G7R4,,991,0.0,92,0,2026-07-24 07:15:45,Chana Puri,899.0,991.0
2HXW06WV8767C,,1762,0.0,164,0,2026-07-24 07:15:09,Pakora,0.0,1762.0
2HXW06WV8767C,,1762,0.0,164,0,2026-07-24 07:15:09,1 Dal/Sabzi Medium,0.0,1762.0
7K1J97PGRC8FM,,275,0.0,26,0,2026-07-24 07:13:45,Puff Patties,0.0,275.0
29DNWQ2QJ4F0T,,1870,0.0,174,0,2026-07-24 07:12:35,Can Soda,199.0,1870.0
29DNWQ2QJ4F0T,,1870,0.0,174,0,2026-07-24 07:12:35,Chinese Combo Plate,1199.0,1870.0
29DNWQ2QJ4F0T,,1870,0.0,174,0,2026-07-24 07:12:35,Samosa,149.0,1870.0
T2G9E3S4Z861Y,,1212,0.0,113,0,2026-07-24 07:10:17,Schezwan Fried Rice,0.0,1212.0
JZGVFS2P208DC,,98,,9,0,2026-07-24 07:08:51,Tea,89.0,98.0
9VY1FV21M5C9A,,657,,61,0,2026-07-24 07:08:28,Samosa,149.0,657.0
5PBY5ZANF6AJ4,,1101,0.0,102,0,2026-07-24 07:07:23,3 Veggie Combo Premium,999.0,1101.0
33WZF3CFGGTSR,,1643,0.0,153,0,2026-07-24 07:05:39,Samosa,149.0,1643.0
F0K2YDAZN62GG,,986,0.0,92,0,2026-07-24 07:03:31,Samosa,149.0,986.0
AA9SNGA6F305M,,1322,0.0,123,0,2026-07-24 07:01:22,Chinese Combo Plate,1199.0,1322.0
53SYV9G120TWP,,2419,0.0,225,0,2026-07-24 06:58:21,2 Veggie Combo,799.0,2419.0
53SYV9G120TWP,,2419,0.0,225,0,2026-07-24 06:58:21,Samosa,149.0,2419.0
24QF37AVEAQEM,,2419,0.0,225,0,2026-07-24 06:55:26,Samosa,149.0,2419.0
24QF37AVEAQEM,,2419,0.0,225,0,2026-07-24 06:55:26,2 Veggie Combo,799.0,2419.0
XYC2TFQN538G8,,3690,0.0,343,0,2026-07-24 06:56:27,Roti (10 Pack),549.0,3690.0
XYC2TFQN538G8,,3690,0.0,343,0,2026-07-24 06:56:27,1 Dal/Sabzi Large,0.0,3690.0
515YJAA8TVTBM,,2203,0.0,205,0,2026-07-24 06:51:35,Chinese Combo Plate,1199.0,2203.0
515YJAA8TVTBM,,2203,0.0,205,0,2026-07-24 06:51:35,2 Veggie Combo,799.0,2203.0
2SRZZH7TW5C08,,1209,0.0,112,0,2026-07-24 06:48:47,2 Veggie Combo,799.0,1209.0
2SRZZH7TW5C08,,1209,0.0,112,0,2026-07-24 06:48:47,Samosa,149.0,1209.0
76JQV4GZ4WM02,,294,0.0,27,0,2026-07-24 06:38:34,Tea,89.0,294.0
HFSMWQ2APDHXC,,1209,0.0,112,0,2026-07-24 06:44:43,2 Veggie Combo,799.0,1209.0
HFSMWQ2APDHXC,,1209,0.0,112,0,2026-07-24 06:44:43,Samosa,149.0,1209.0
B8PMGS4NC34F4,,824,0.0,77,0,2026-07-24 06:37:55,Puff Patties,0.0,824.0
PPZ9YHT6E0F2E,,2420,0.0,225,0,2026-07-24 06:37:26,3 Veggie Combo Premium,999.0,2420.0
PPZ9YHT6E0F2E,,2420,0.0,225,0,2026-07-24 06:37:26,Hot Gulab Jamun,299.0,2420.0
DDRJWVA80ZVX0,,2090,0.0,194,0,2026-07-24 06:36:18,Samosa,149.0,2090.0
DDRJWVA80ZVX0,,2090,0.0,194,0,2026-07-24 06:36:18,Aloo Parantha,699.0,2090.0
DDRJWVA80ZVX0,,2090,0.0,194,0,2026-07-24 06:36:18,Amritsari Kulcha Channa,899.0,2090.0
4R01MG0CZYZ78,,196,0.0,18,0,2026-07-24 06:34:57,Tea,89.0,196.0
6WHX5RZRERWA8,,164,0.0,15,0,2026-07-24 06:34:33,Samosa,149.0,164.0
28QM2TNDKQNQA,,991,0.0,92,0,2026-07-24 06:34:05,Amritsari Kulcha Channa,899.0,991.0
QQ6XE22Y8HEQ0,,991,0.0,92,0,2026-07-24 06:33:37,1 Dal/Sabzi Medium,0.0,991.0
K6Y7ERBY5QEPT,,1420,0.0,132,0,2026-07-24 06:32:56,Tea,89.0,1420.0
K6Y7ERBY5QEPT,,1420,0.0,132,0,2026-07-24 06:32:56,Gobi Manchurian,0.0,1420.0
3YD8F4900AGJT,,2695,0.0,251,0,2026-07-24 06:32:27,Chili Garlic Noodles,0.0,2695.0
3YD8F4900AGJT,,2695,0.0,251,0,2026-07-24 06:32:27,Puff Patties,0.0,2695.0
8QJBZHZK635M4,,1283,0.0,119,0,2026-07-24 06:31:34,Tea,89.0,1283.0
8QJBZHZK635M4,,1283,0.0,119,0,2026-07-24 06:31:34,Samosa Small 5pc,399.0,1283.0
8QJBZHZK635M4,,1283,0.0,119,0,2026-07-24 06:31:34,Puff Patties,0.0,1283.0
D0Q2AR9RPP4AA,,196,,18,0,2026-07-24 06:29:45,Tea,89.0,196.0
Y9X71CKMC5Z5A,,2255,0.0,210,0,2026-07-24 06:28:57,Dahi Bhalla Chaat,649.0,2255.0
Y9X71CKMC5Z5A,,2255,0.0,210,0,2026-07-24 06:28:57,Puff Patties,0.0,2255.0
NW8F91T9XPJ1T,,1322,,123,0,2026-07-24 06:28:27,Chinese Combo Plate,1199.0,1322.0
VZ5G7TBNSWHCR,,881,0.0,82,0,2026-07-24 06:26:00,1 Dal/Sabzi Medium,0.0,881.0
HDJPR30J9VZ44,,881,0.0,82,0,2026-07-24 06:25:28,2 Veggie Combo,799.0,881.0
ERJDD7QJ3WWP2,,2203,0.0,205,0,2026-07-24 06:25:25,Veg Momos (7 Pieces),899.0,2203.0
ERJDD7QJ3WWP2,,2203,0.0,205,0,2026-07-24 06:25:25,Hakka Noodles,0.0,2203.0
19S6VSYC8AKBC,,4185,0.0,389,0,2026-07-24 06:21:23,1 Dal/Sabzi Small,0.0,4185.0
19S6VSYC8AKBC,,4185,0.0,389,0,2026-07-24 06:21:23,1 Dal/Sabzi Medium,0.0,4185.0
19S6VSYC8AKBC,,4185,0.0,389,0,2026-07-24 06:21:23,Schezwan Fried Rice,0.0,4185.0
CY5T8JH9Q33CE,,3853,0.0,358,0,2026-07-24 06:18:52,1 Dal/Sabzi Medium,0.0,3853.0
CY5T8JH9Q33CE,,3853,0.0,358,0,2026-07-24 06:18:52,1 Dal/Sabzi Small,0.0,3853.0
CY5T8JH9Q33CE,,3853,0.0,358,0,2026-07-24 06:18:52,Gobi Parantha 4Pc Pack,599.0,3853.0
CY5T8JH9Q33CE,,3853,0.0,358,0,2026-07-24 06:18:52,Plain Parantha 4pc Pack,599.0,3853.0
