vendor_name,vendor_type,matched_vendor_name,match_score,updated_name
Annamma's Kitchen,Grocery Vendor,Annamma's Kitchen,100.0,Annamma's Kitchen
Bimbo,Grocery Vendor,BIMBO,100.0,BIMBO
Deccan foods ,Grocery Vendor,Deccan Foods,100.0,Deccan Foods
Deepika Chawla,Grocery Vendor,Deepika Chawla,100.0,Deepika Chawla
Darbar Foods,Grocery Vendor,Darbar Foods,100.0,Darbar Foods
Diamond bakery,Grocery Vendor,Diamond Bakery,100.0,Diamond Bakery
Dass Sweets,Grocery Vendor,Dass Sweets,100.0,Dass Sweets
House of spices,Grocery Vendor,House Of Spices,100.0,House Of Spices
Hocean,Grocery Vendor,Hocean,100.0,Hocean
Gold Rush distribution,Grocery Vendor,Gold Rush Distribution,100.0,Gold Rush Distribution
Guruji Blessings,Grocery Vendor,Guruji Blessings,100.0,Guruji Blessings
JK Product LLC,Grocery Vendor,JK Product LLC,100.0,JK Product LLC
Manisha Patel,Grocery Vendor,Manisha Patel,100.0,Manisha Patel
La Rosa Tortilla,Grocery Vendor,La Rosa Tortilla,100.0,La Rosa Tortilla
Royalty foods inc,Grocery Vendor,Royalty Foods Inc,100.0,Royalty Foods Inc
Satya sweets,Grocery Vendor,Satya Sweets,100.0,Satya Sweets
Sm Beverages,Grocery Vendor,SM Beverages,100.0,SM Beverages
Pepsi,Grocery Vendor,Pepsi,100.0,Pepsi
Palo Alto Foods,Grocery Vendor,Palo Alto Foods,100.0,Palo Alto Foods
Ronak Imports,Grocery Vendor,Ronak Imports,100.0,Ronak Imports
Olive land & more,Grocery Vendor,Olive Land & More,100.0,Olive Land & More
Pitco Foods,Grocery Vendor,Pitco Foods,100.0,Pitco Foods
Passage to India,Grocery Vendor,Passage to India,100.0,Passage to India
Nature's Guru  ,Grocery Vendor,Nature's Guru,100.0,Nature's Guru
T & s produce,Produce Vendor,T & S Produce,100.0,T & S Produce
Tangs Farm ,Produce Vendor,Tangs Farm,100.0,Tangs Farm
Desi milk,Dairy Vendor,Desi Milk,100.0,Desi Milk
Sunrise Food Dist ,Dairy Vendor,Sunrise Food Dist ,100.0,Sunrise Food Dist 
Califarm Produce,Produce Vendor,Califarm Produce,100.0,Califarm Produce
Banner Fruit,Produce Vendor,Banner Fruit,100.0,Banner Fruit
Coast tropical,Produce Vendor,Coast Tropical,100.0,Coast Tropical
Jose Manual Puchco,Produce Vendor,Jose Manual puchco,100.0,Jose Manual puchco
Victor,Produce Vendor,Victor,100.0,Victor
Premium Produce,Produce Vendor,Premium Produce,100.0,Premium Produce
Wonder Ice Cream,Grocery Vendor,Wonder Ice Cream,100.0,Wonder Ice Cream
Zee foods,Grocery Vendor,Zee Foods,100.0,Zee Foods
Wisoman foods,Grocery Vendor,Wisoman Foods,100.0,Wisoman Foods
Sunny Co,Grocery Vendor,Sunny Co,100.0,Sunny Co
The Breaven LLC,Grocery Vendor,The Breaven LLC,100.0,The Breaven LLC
Verka USA,Grocery Vendor,Verka Usa,100.0,Verka Usa
United International,Grocery Vendor,United international,100.0,United international
The Everest Bakery,Grocery Vendor,The Everest Bakery,100.0,The Everest Bakery
Sensational Foods,Grocery Vendor,Sensational Foods,100.0,Sensational Foods
Shahi kulfi,Grocery Vendor,Shahi Kulfi,100.0,Shahi Kulfi
Slt foods,Grocery Vendor,SLT FOODS,100.0,SLT FOODS
Real Ice cream,Grocery Vendor,Real Ice Cream,100.0,Real Ice Cream
Nanki,Grocery Vendor,Nanki,100.0,Nanki
Master Butcher,Grocery Vendor,Master Butcher,100.0,Master Butcher
Gurudev imports Inc,Grocery Vendor,Gurudev Imports Inc,100.0,Gurudev Imports Inc
Daaks international,Produce Vendor,Daaks International,100.0,Daaks International
Shivron Enterpriese,Grocery Vendor,Shivron Enterpriese,100.0,Shivron Enterpriese
India's fine foods,Grocery Vendor,India's Fine Foods,100.0,India's Fine Foods
Thal golden spices,Grocery Vendor,Thal Golden Spices,100.0,Thal Golden Spices
GreenGrocer LLC,Produce Vendor,Greengrocer LLC,100.0,Greengrocer LLC
Restaurant Depot,Grocery Vendor,Restaurant Depot,100.0,Restaurant Depot
Portall pacific,Dairy Vendor,Portall Pacific,100.0,Portall Pacific
New Desi Bazaar  ,Grocery Vendor,New Desi Bazaar,100.0,New Desi Bazaar
Shasta produce,Produce Vendor,Shasta Produce,100.0,Shasta Produce
Mt. tam fresh,Produce Vendor,MT. Tam Fresh,100.0,MT. Tam Fresh
Mangalm llc,Grocery Vendor,Mangalm LLC,100.0,Mangalm LLC
United food delicacies,Grocery Vendor,United Food Delicacies,100.0,United Food Delicacies
Nature's sweets inc,Grocery Vendor,Nature's Sweets Inc,100.0,Nature's Sweets Inc
Golden choice Distributors,Grocery Vendor,Golden Choice Distributors,100.0,Golden Choice Distributors
Alondra produce,Produce Vendor,Alondra Produce,100.0,Alondra Produce
Prime Wholesalers,Produce Vendor,Prime Wholesalers,100.0,Prime Wholesalers
Jay prabhu enterprise llc,Grocery Vendor,Jay Prabhu Enterprise LLC,100.0,Jay Prabhu Enterprise LLC
Central valley impex inc,Grocery Vendor,Central Valley Impex Inc,100.0,Central Valley Impex Inc
X'pressions,Grocery Vendor,X'Pressions,100.0,X'Pressions
IA distribution,Produce Vendor,IA Distribution,100.0,IA Distribution
Frito lay,Grocery Vendor,Frito Lay,100.0,Frito Lay
Redwood produce inc,Produce Vendor,Redwood Produce Inc,100.0,Redwood Produce Inc
Chong's produce inc,Produce Vendor,Chong's Produce Inc,100.0,Chong's Produce Inc
Nutrica Trading,Grocery Vendor,Nutrica Trading,100.0,Nutrica Trading
Dhanraj,Grocery Vendor,Dhanraj,100.0,Dhanraj
Los Mejores Adobos,Grocery Vendor,Los Mejores Adobos,100.0,Los Mejores Adobos
Salwan Trading.inc,Grocery Vendor,Salwan Trading.Inc,100.0,Salwan Trading.Inc
Liberate Foods inc,Grocery Vendor,Liberate Foods Inc,100.0,Liberate Foods Inc
Sunset produce co.,Produce Vendor,Sunset Produce Co.,100.0,Sunset Produce Co.
The JPZZ Group inc,Produce Vendor,The JPZZ Group Inc,100.0,The JPZZ Group Inc
The best foods commodities,Grocery Vendor,The Best Foods Commodities,100.0,The Best Foods Commodities
Delight Foods,Grocery Vendor,Delight Foods,100.0,Delight Foods
Fyve elements,Grocery Vendor,Fyve Elements,100.0,Fyve Elements
Shrinath trading,Grocery Vendor,Shrinath Trading,100.0,Shrinath Trading
Ruchira Heritage Company,Grocery Vendor,Ruchira Heritage Company,100.0,Ruchira Heritage Company
Pints of joy llc,Grocery Vendor,Pints of Joy LLC,100.0,Pints of Joy LLC
Lk produce,Produce Vendor,LK Produce,100.0,LK Produce
Akshar Sales,Grocery Vendor,Akshar Sales,100.0,Akshar Sales
Dhanya Foods,Grocery Vendor,Dhanya Foods,100.0,Dhanya Foods
Dairy delivery,Dairy Vendor,Dairy Delivery,100.0,Dairy Delivery
Punjab Trading inc.,Grocery Vendor,Punjab Trading Inc.,100.0,Punjab Trading Inc.
Spicy world,Grocery Vendor,Spicy World,100.0,Spicy World
Bhanu Impex llc,Produce Vendor,Bhanu Impex LLC,100.0,Bhanu Impex LLC
Kotecha brothers blvd.,Produce Vendor,Kotecha Brothers Blvd.,100.0,Kotecha Brothers Blvd.
M & M West Coast Produce,Produce Vendor,M & M West Coast Produce,100.0,M & M West Coast Produce
Blaze Market inc.,Produce Vendor,Blaze Market Inc.,100.0,Blaze Market Inc.
DP Produce inc,Produce Vendor,DP Produce Inc,100.0,DP Produce Inc
MicroFresh Farm inc,Produce Vendor,Microfresh Farm Inc,100.0,Microfresh Farm Inc
Foods & more,Grocery Vendor,Foods & More,100.0,Foods & More
Desi Choice inc.,Grocery Vendor,Desi Choice Inc.,100.0,Desi Choice Inc.
Desi Taste,Grocery Vendor,Desi Taste,100.0,Desi Taste
VL Farms,Produce Vendor,VL Farms,100.0,VL Farms
Surati Ca,Grocery Vendor,Surati CA,100.0,Surati CA
TAS Foods corp,Grocery Vendor,TAS Foods Corp,100.0,TAS Foods Corp
West coast,Grocery Vendor,West Coast,100.0,West Coast
produce distribution center,Produce Vendor,Produce Distribution Center,100.0,Produce Distribution Center
BondsForever,Grocery Vendor,Bondsforever,100.0,Bondsforever
Harvest Joy produce,Produce Vendor,Harvest Joy Produce,100.0,Harvest Joy Produce
Unified Logistics,Produce Vendor,Unified Logistics,100.0,Unified Logistics
Royal Fresh produce,Produce Vendor,Royal Fresh Produce,100.0,Royal Fresh Produce
Vitaplus,Grocery Vendor,VitaPlus,100.0,VitaPlus
M/s Value Produce llc,Produce Vendor,M/s Value Produce LLC,100.0,M/s Value Produce LLC
hot breads,Grocery Vendor,Hot Breads,100.0,Hot Breads
ASAP,Produce Vendor,ASAP,100.0,ASAP
Karoun,Dairy Vendor,Karoun,100.0,Karoun
Costco Wholesale,Grocery Vendor,Costco Wholesale,100.0,Costco Wholesale
Moonee,Grocery Vendor,Moonee,100.0,Moonee
Dairy sweets n snacks,Produce Vendor,Dairy Sweets n Snacks,100.0,Dairy Sweets n Snacks
Samra Produce,Produce Vendor,Samra Produce,100.0,Samra Produce
Hathi Brand,Grocery Vendor,Hathi Brand,100.0,Hathi Brand
Jaymin,Grocery Vendor,Jaymin,100.0,Jaymin
Vadilal Industries,Grocery Vendor,Vadilal Industries,100.0,Vadilal Industries
GMS,Grocery Vendor,GMS,100.0,GMS
Babco,Grocery Vendor,Babco,100.0,Babco
S.J. Distributors LLC,Kitchen Vendor,S.J. Distributors LLC,100.0,S.J. Distributors LLC
Gold Rush Distribution,Grocery Vendor,Gold Rush Distribution,100.0,Gold Rush Distribution
Gurudev Imports Inc,Grocery Vendor,Gurudev Imports Inc,100.0,Gurudev Imports Inc
Safra distribution,Grocery Vendor,IA Distribution,84.84848484848484,
Nab Spice House,Grocery Vendor,House Of Spices,80.0,
D & J International,Grocery Vendor,Daaks International,78.94736842105263,
Aman Sweets,Kitchen Vendor,Satya Sweets,78.26086956521739,
K&M International,Grocery Vendor,United international,75.67567567567568,
Fresh nepo bajio produce,Produce Vendor,EL Bajio Produce,75.0,
Kisaan International,Produce Vendor,United international,75.0,
PSA Imports,Expenses,Ronak Imports,75.0,
Tanvi Foods,Grocery Vendor,SLT FOODS,70.0,
Saffron Foods,Grocery Vendor,Wisoman Foods,69.23076923076923,
Kradjian Imports,Grocery Vendor,Ronak Imports,68.96551724137932,
Rajbhog Distributors,Grocery Vendor,IA Distribution,68.57142857142857,
Tasty Fresh,Grocery Vendor,Desi Taste,66.66666666666667,
Print Early LLC,Grocery Vendor,Pints of Joy LLC,64.51612903225806,
Annapoorna Foods,Grocery Vendor,Dhanya Foods,64.28571428571428,
PAP Products,Expenses,T & S Produce,64.0,
Imports Eats LLC,Grocery Vendor,Gurudev Imports Inc,62.857142857142854,
Kavya Foods,Grocery Vendor,Zee Foods,60.0,
Marquez Brothers,Grocery Vendor,Master Butcher,60.0,
Surya India ,Kitchen Vendor,Surati CA,60.0,
Badoota,Grocery Vendor,Hot Breads,58.82352941176471,
New Fruit Company,Produce Vendor,Ruchira Heritage Company,58.53658536585367,
First World Asian ,Grocery Vendor,Spicy World,57.14285714285714,
Cintas,Expenses,VitaPlus,57.14285714285714,
Flavor Labs llc,Grocery Vendor,Salinas Valley Farms,57.14285714285714,
Kay Bee,Produce Vendor,KAY BEE FRUITS INC,56.00000000000001,
Pani Puri,Kitchen Vendor,Surati CA,55.55555555555556,
Rosemary Farm,Grocery Vendor,Califarm Produce,55.172413793103445,
Malabar Trades,Grocery Vendor,New Desi Bazaar,55.172413793103445,
Dawn,Backery Vendor,Dhanraj,54.54545454545454,
Sky 2 Freight,Expenses,Frito Lay,54.54545454545454,
Natural food imports llc,Grocery Vendor,Ronak Imports,54.054054054054056,
Chill chain,Dairy Vendor,Bhanu Impex LLC,53.84615384615385,
KMAS INC.,Expenses,Blaze Market Inc.,53.84615384615385,
Aasaa divinity,Produce Vendor,Aasaa Divinity LLC DBA. Divine Flowers,53.84615384615385,
Maket Space llc,Grocery Vendor,Mangalm LLC,53.84615384615385,
Central Computers,Expenses,Central Valley Impex Inc,53.65853658536586,
Indian Cookware & Appliance,Grocery Vendor,India's Fine Foods,53.333333333333336,
Sea2shore ,Grocery Vendor,Hot Breads,52.63157894736843,
Sreevik llc,Grocery Vendor,Prime Routes LLC,51.85185185185186,
Shine Impex,Grocery Vendor,Central Valley Impex Inc,51.42857142857142,
Tang's Resturant Service,Expenses,Nutrica Trading,51.28205128205128,
Chetak Sanfrancisco,Grocery Vendor,Surati CA,50.0,
Dairy Components,Grocery Vendor,Ruchira Heritage Company,50.0,
Shor Media,Expenses,Hot Breads,50.0,
MD2US,Grocery Vendor,GMS,50.0,
Revel,Expenses,The Breaven LLC,50.0,
Sugar daddy,Grocery Vendor,Surati CA,50.0,
TT Global,Grocery Vendor,La Rosa Tortilla,48.0,
K k traders,Grocery Vendor,LK Produce,47.61904761904761,
Venzu Traders,Grocery Vendor,VL Farms,47.61904761904761,
Coca cola bottling llc,Grocery Vendor,Costco Wholesale,47.36842105263158,
Frontier World Wide LLC,Expenses,Spicy World,47.05882352941176,
Javier Lopez,Produce Vendor,Dairy Delivery,46.15384615384615,
Kokila kitchen,Grocery Vendor,Annamma's Kitchen,45.16129032258065,
Prime Nova Partners,Grocery Vendor,Banner Fruit,45.16129032258065,
J c cheyene,Produce Vendor,Wonder Ice Cream,44.44444444444444,
Kirat 31 LLC,Grocery Vendor,The Breaven LLC,44.44444444444444,
Linton Paper Supply,Backery Vendor,Frito Lay,42.85714285714286,
Kcb,Grocery Vendor,LK Produce,30.76923076923077,
